{
    "metadata": {
        "model_name": "openai/clip-vit-base-patch32",
        "device_used": "cuda",
        "hyperparameters": {
            "batch_size": 32,
            "learning_rate": 5e-06,
            "epochs": 30
        }
    },
    "metrics": {
        "Recall@1": 0.2,
        "Recall@5": 0.45,
        "Recall@10": 0.7,
        "Mean Rank": 6.9,
        "Median Rank": 6.0,
        "MRR": 0.3458618464868465,
        "NDCG": 0.488913505585331,
        "Sensitivity": 0.43809523809523815,
        "Specificity": 0.8659442724400133,
        "F1 Score": 0.432183908045977,
        "BertScore Precision": 0.913213849067688,
        "BertScore Recall": 0.9135867953300476,
        "BERTScore F1": 0.9133560061454773,
        "Trainable Parameters": 151277313,
        "Total Parameters": 151277313,
        "Inference Latency (ms)": 171.27752304077148,
        "Peak VRAM Usage (GB)": 4.075920581817627
    },
    "train_losses": [
        3.5707879861195884,
        2.652068535486857,
        2.2733901341756186,
        1.9001302321751912,
        1.448577602704366,
        1.1591427326202393,
        1.1142197052637737,
        1.0351732969284058,
        1.0604922374089558,
        1.0716331799825032,
        1.0816572705904643,
        0.9551510413487753,
        1.0180527369181316,
        1.0053772528966267,
        1.0374773144721985,
        1.0227415362993877,
        1.1119908491770427,
        0.946849505106608,
        1.0525259971618652,
        1.070300300916036,
        1.0384171803792317,
        0.9523747364679972,
        1.0432176788647969,
        1.0493108034133911,
        0.968837837378184,
        0.9899985392888387,
        0.9101012547810873,
        0.9468691746393839,
        0.9973551034927368,
        0.9133270978927612
    ],
    "test_losses": [
        3.049671173095703,
        3.291186571121216,
        3.1968276500701904,
        3.424635648727417,
        3.746530532836914,
        3.683706760406494,
        3.7048821449279785,
        4.004571914672852,
        4.381056308746338,
        4.610929489135742,
        4.448380470275879,
        4.194347381591797,
        4.136915683746338,
        4.065517425537109,
        3.83557391166687,
        3.894831657409668,
        3.9217233657836914,
        3.934361457824707,
        3.804826259613037,
        3.6925723552703857,
        3.644624710083008,
        3.6316914558410645,
        3.6428732872009277,
        3.6550936698913574,
        3.6767020225524902,
        3.7157089710235596,
        3.729769706726074,
        3.759310722351074,
        3.758718967437744,
        3.7374391555786133
    ]
}